title,company,location,date
Senior Python Developer,"Payne, Roberts and Davis","Stewartbury, AA",2021-04-08
Software Engineer (Python),Garcia PLC,"Ericberg, AE",2021-04-08
Python Programmer (Entry-Level),"Moss, Duncan and Allen","Port Sara, AE",2021-04-08
Python Programmer (Entry-Level),Cooper and Sons,"West Victor, AE",2021-04-08
Software Developer (Python),Adams-Brewer,"Brockburgh, AE",2021-04-08
Python Developer,Rivera and Sons,"East Michaelfort, AA",2021-04-08
"Back-End Web Developer (Python, Django)",Stewart-Alexander,"South Kimberly, AA",2021-04-08
"Back-End Web Developer (Python, Django)","Jackson, Ali and Mckee","New Elizabethside, AA",2021-04-08
Python Programmer (Entry-Level),Mathews Inc,"Robertborough, AP",2021-04-08
Software Developer (Python),Moreno-Rodriguez,"Martinezburgh, AE",2021-04-08
